{
    "metrics": {
        "http_req_duration": {
            "med": 33.793649,
            "max": 3053.573186,
            "p(90)": 1583.9275421999996,
            "p(95)": 2016.8229424999988,
            "avg": 412.4851463492044,
            "min": 15.423837
        },
        "http_req_connecting": {
            "med": 0.370665,
            "max": 20.248764,
            "p(90)": 1.836222,
            "p(95)": 2.6628587999999986,
            "avg": 0.7414005688125083,
            "min": 0.146912
        },
        "http_req_waiting": {
            "med": 32.697507,
            "max": 3052.771921,
            "p(90)": 1581.5789989999992,
            "p(95)": 2014.586951899998,
            "avg": 411.37178336709417,
            "min": 13.451661
        },
        "http_reqs": {
            "count": 7099,
            "rate": 29.057543821054125
        },
        "dropped_iterations": {
            "rate": 0.4215983960513558,
            "count": 103
        },
        "http_req_sending": {
            "avg": 0.46359571305817676,
            "min": 0.090824,
            "med": 0.236957,
            "max": 14.79868,
            "p(90)": 1.1133701999999999,
            "p(95)": 1.5571436
        },
        "http_req_failed": {
            "passes": 0,
            "fails": 7099,
            "value": 0
        },
        "http_req_receiving": {
            "min": 0.057449,
            "med": 0.170144,
            "max": 28.726155,
            "p(90)": 1.8357409999999998,
            "p(95)": 3.2701447999999953,
            "avg": 0.6497672690519772
        },
        "vus_max": {
            "max": 142,
            "value": 142,
            "min": 50
        },
        "iterations": {
            "count": 7096,
            "rate": 29.04526425612059
        },
        "data_sent": {
            "count": 135212662,
            "rate": 553450.8876216904
        },
        "vus": {
            "value": 23,
            "min": 0,
            "max": 141
        },
        "iteration_duration": {
            "p(90)": 1592.1090166000017,
            "p(95)": 2023.5367214,
            "avg": 417.0292892202327,
            "min": 17.224759,
            "med": 37.861591,
            "max": 3064.883678
        },
        "http_req_duration{expected_response:true}": {
            "p(90)": 1583.9275421999996,
            "p(95)": 2016.8229424999988,
            "avg": 412.4851463492044,
            "min": 15.423837,
            "med": 33.793649,
            "max": 3053.573186
        },
        "http_req_blocked": {
            "avg": 1.1363119304127343,
            "min": 0.200973,
            "med": 0.512278,
            "max": 42.37958,
            "p(90)": 2.6041669999999986,
            "p(95)": 3.5925086999999993
        },
        "http_req_tls_handshaking": {
            "p(90)": 0,
            "p(95)": 0,
            "avg": 0,
            "min": 0,
            "med": 0,
            "max": 0
        },
        "data_received": {
            "count": 2901556,
            "rate": 11876.615103429007
        },
        "checks": {
            "passes": 7096,
            "fails": 0,
            "value": 1
        }
    },
    "setup_data": {
        "auth": {
            "cookieHeader": "csrftoken=740Xrv4i7i9beHqw0BDh9sVFpC7XVqcE; csrftoken=pKhIo78cSq5WjVdPrZXLee4nlC5rPRUd; sessionid=g28fz7tpmvxvh4ukm7j1z6nxe9jab2pd"
        },
        "csrf": {
            "cookieHeader": "csrftoken=pKhIo78cSq5WjVdPrZXLee4nlC5rPRUd",
            "csrfToken": "EgM9eMHSIrqNq5MhBIuiqG8Aa7dBDbLxTQTHsJFUqHlzzQPWSxhTuK2Nlz8SiSvA"
        }
    },
    "root_group": {
        "groups": {
            "setup": {
                "id": "5c0f8025f7e0b6654089e5b00e950f1a",
                "groups": {},
                "checks": {},
                "name": "setup",
                "path": "::setup"
            }
        },
        "checks": {
            "mixed open-week ingest accepted": {
                "name": "mixed open-week ingest accepted",
                "path": "::mixed open-week ingest accepted",
                "id": "8cb89e322d1775f551fc502abd7d806f",
                "passes": 7096,
                "fails": 0
            }
        },
        "name": "",
        "path": "",
        "id": "d41d8cd98f00b204e9800998ecf8427e"
    }
}