{
    "metrics": {
        "http_req_connecting": {
            "p(95)": 1.8354041999999993,
            "avg": 0.49632550196757413,
            "min": 0.141177,
            "med": 0.217353,
            "max": 23.34853,
            "p(90)": 1.2072202
        },
        "http_req_sending": {
            "p(95)": 0.27391039999999894,
            "avg": 0.14806573083582608,
            "min": 0.027631,
            "med": 0.067676,
            "max": 25.99736,
            "p(90)": 0.13106660000000003
        },
        "http_req_duration": {
            "avg": 14582.046754393803,
            "min": 309.900112,
            "med": 15326.013154,
            "max": 26096.871544,
            "p(90)": 18068.006032600002,
            "p(95)": 19813.716990999983
        },
        "iteration_duration": {
            "avg": 14588.071568331468,
            "min": 313.550446,
            "med": 15328.193669,
            "max": 26097.459538,
            "p(90)": 18071.498287,
            "p(95)": 19818.5244445
        },
        "vus_max": {
            "value": 327,
            "min": 48,
            "max": 327
        },
        "http_req_waiting": {
            "avg": 14580.778155160557,
            "min": 309.609645,
            "med": 15325.753598,
            "max": 26093.397069,
            "p(90)": 18061.5968918,
            "p(95)": 19812.734154799986
        },
        "dropped_iterations": {
            "rate": 17.680348332685444,
            "count": 5655
        },
        "http_req_duration{expected_response:true}": {
            "min": 309.900112,
            "med": 15326.013154,
            "max": 26096.871544,
            "p(90)": 18068.006032600002,
            "p(95)": 19813.716990999983,
            "avg": 14582.046754393803
        },
        "http_req_receiving": {
            "avg": 1.1205335024397947,
            "min": 0.073425,
            "med": 0.291619,
            "max": 48.725896,
            "p(90)": 3.0243976,
            "p(95)": 4.570500399999997
        },
        "vus": {
            "min": 0,
            "max": 325,
            "value": 2
        },
        "iterations": {
            "count": 6350,
            "rate": 19.853264706021676
        },
        "http_reqs": {
            "rate": 19.86264420115838,
            "count": 6353
        },
        "data_received": {
            "count": 254306221,
            "rate": 795087.9877009526
        },
        "http_req_failed": {
            "passes": 0,
            "fails": 6353,
            "value": 0
        },
        "checks": {
            "passes": 6350,
            "fails": 0,
            "value": 1
        },
        "http_req_blocked": {
            "avg": 0.6667582011648031,
            "min": 0.204028,
            "med": 0.315432,
            "max": 23.415874,
            "p(90)": 1.5631598000000004,
            "p(95)": 2.261031999999999
        },
        "http_req_tls_handshaking": {
            "max": 0,
            "p(90)": 0,
            "p(95)": 0,
            "avg": 0,
            "min": 0,
            "med": 0
        },
        "data_sent": {
            "count": 15208588,
            "rate": 47549.62572737398
        }
    },
    "setup_data": {
        "auth": {
            "cookieHeader": "csrftoken=uFz0bIuteGQCfrtdMAisTXmcV3gv4Ijy; csrftoken=1XVpFD2ZNO5mmLuXxoTHlXR6UgH9IwbD; sessionid=8udpydabyhwzenizk538yprgrp1z8694"
        },
        "csrf": {
            "cookieHeader": "csrftoken=1XVpFD2ZNO5mmLuXxoTHlXR6UgH9IwbD",
            "csrfToken": "7fP1qLLbYF6QMb4QFMTXt7zi90zjosoSY2AgVeD0Bj12YMoD20CuEUgeT66iWOpl"
        }
    },
    "root_group": {
        "id": "d41d8cd98f00b204e9800998ecf8427e",
        "groups": {
            "setup": {
                "id": "5c0f8025f7e0b6654089e5b00e950f1a",
                "groups": {},
                "checks": {},
                "name": "setup",
                "path": "::setup"
            }
        },
        "checks": {
            "mixed open-week ingest accepted": {
                "name": "mixed open-week ingest accepted",
                "path": "::mixed open-week ingest accepted",
                "id": "8cb89e322d1775f551fc502abd7d806f",
                "passes": 5125,
                "fails": 0
            },
            "mixed replay ok": {
                "name": "mixed replay ok",
                "path": "::mixed replay ok",
                "id": "7a536bb6ce12271d4a31cd5f4ce4f42c",
                "passes": 225,
                "fails": 0
            },
            "mixed turn insights ok": {
                "name": "mixed turn insights ok",
                "path": "::mixed turn insights ok",
                "id": "826faaa77ae32bc1e9a05dbcdd86ede9",
                "passes": 296,
                "fails": 0
            },
            "mixed analytics ok": {
                "name": "mixed analytics ok",
                "path": "::mixed analytics ok",
                "id": "5cc6f36f6793db481b8c436671ce3ff9",
                "passes": 289,
                "fails": 0
            },
            "mixed dashboard ok": {
                "fails": 0,
                "name": "mixed dashboard ok",
                "path": "::mixed dashboard ok",
                "id": "ac9f9a80e37bd331fa34edb7605d33f0",
                "passes": 415
            }
        },
        "name": "",
        "path": ""
    }
}