{
    "metrics": {
        "iteration_duration": {
            "p(95)": 3567.2943587999994,
            "avg": 816.1381996474432,
            "min": 26.400981,
            "med": 76.60994,
            "max": 3972.235438,
            "p(90)": 2849.6609358
        },
        "data_received": {
            "count": 3285662,
            "rate": 13408.600155177108
        },
        "dropped_iterations": {
            "count": 177,
            "rate": 0.7223269549534761
        },
        "http_req_tls_handshaking": {
            "p(95)": 0,
            "avg": 0,
            "min": 0,
            "med": 0,
            "max": 0,
            "p(90)": 0
        },
        "http_req_receiving": {
            "avg": 0.4903024160854095,
            "min": 0.050579,
            "med": 0.161359,
            "max": 18.913735,
            "p(90)": 1.255140000000001,
            "p(95)": 2.2775379999999994
        },
        "vus_max": {
            "max": 200,
            "value": 200,
            "min": 50
        },
        "http_req_sending": {
            "avg": 0.39838301508897067,
            "min": 0.070223,
            "med": 0.237771,
            "max": 11.1695,
            "p(90)": 0.7976966000000003,
            "p(95)": 1.3787529999999995
        },
        "http_reqs": {
            "rate": 28.668626319481184,
            "count": 7025
        },
        "http_req_blocked": {
            "p(95)": 3.057240999999998,
            "avg": 0.969628570249108,
            "min": 0.192827,
            "med": 0.503651,
            "max": 35.825225,
            "p(90)": 2.2509582
        },
        "iterations": {
            "count": 7022,
            "rate": 28.65638348973621
        },
        "data_sent": {
            "count": 133893044,
            "rate": 546409.9139094452
        },
        "http_req_failed": {
            "passes": 0,
            "fails": 7025,
            "value": 0
        },
        "vus": {
            "value": 10,
            "min": 0,
            "max": 198
        },
        "http_req_duration": {
            "max": 3970.142687,
            "p(90)": 2843.7297092000003,
            "p(95)": 3563.9597528,
            "avg": 811.6889081363693,
            "min": 16.048863,
            "med": 71.426381
        },
        "http_req_duration{expected_response:true}": {
            "med": 71.426381,
            "max": 3970.142687,
            "p(90)": 2843.7297092000003,
            "p(95)": 3563.9597528,
            "avg": 811.6889081363693,
            "min": 16.048863
        },
        "http_req_waiting": {
            "p(95)": 3562.3261389999984,
            "avg": 810.8002227051959,
            "min": 15.850963,
            "med": 70.624866,
            "max": 3969.850188,
            "p(90)": 2842.3866912000003
        },
        "http_req_connecting": {
            "avg": 0.6401170982206406,
            "min": 0.146003,
            "med": 0.348133,
            "max": 19.508325,
            "p(90)": 1.4398678000000007,
            "p(95)": 2.2628761999999987
        },
        "checks": {
            "passes": 7022,
            "fails": 0,
            "value": 1
        }
    },
    "setup_data": {
        "auth": {
            "cookieHeader": "csrftoken=JTzcmXpylk1FIB5uAaikYE4asyHaMhzI; csrftoken=y0DZqAvHLxBou28lMW9Beffd3T3gDg6s; sessionid=ifjdp4pgppb2a1js0bcq45hgb057olaz"
        },
        "csrf": {
            "cookieHeader": "csrftoken=y0DZqAvHLxBou28lMW9Beffd3T3gDg6s",
            "csrfToken": "2F9Uk3Y5wzo4TFa33vXEk6CpYFvuPOFmqvCJAtjC7WPidx8eFhW5obHsRooAiUBE"
        }
    },
    "root_group": {
        "name": "",
        "path": "",
        "id": "d41d8cd98f00b204e9800998ecf8427e",
        "groups": {
            "setup": {
                "id": "5c0f8025f7e0b6654089e5b00e950f1a",
                "groups": {},
                "checks": {},
                "name": "setup",
                "path": "::setup"
            }
        },
        "checks": {
            "mixed open-week ingest accepted": {
                "passes": 7022,
                "fails": 0,
                "name": "mixed open-week ingest accepted",
                "path": "::mixed open-week ingest accepted",
                "id": "8cb89e322d1775f551fc502abd7d806f"
            }
        }
    }
}